Workbook

Sheet Instrucciones
B2: PRUEBA DE EXCEL — PLANIFICADOR DE LA DEMANDA
B3: Nivel Intermedio · Tiempo máximo: 60 minutos
B6: INSTRUCCIONES GENERALES
B8: 1. | C8: Esta prueba evalúa competencias en Excel aplicadas al rol de Planificador de la Demanda.
B9: 2. | C9: El archivo contiene 4 hojas de trabajo. Debes completar las celdas marcadas en AMARILLO.
B10: 3. | C10: No modifiques encabezados, estructuras ni celdas que no estén marcadas.
B11: 4. | C11: Puedes usar cualquier función de Excel. Se valorará el uso de fórmulas sobre resultados manuales.
B12: 5. | C12: Al finalizar, guarda el archivo con tu nombre: Prueba_Excel_TuNombre.xlsx
B14: ESTRUCTURA DE LA PRUEBA
B16: Hoja 1: | C16: Instrucciones (esta hoja)
B17: Hoja 2: | C17: Histórico de Ventas — Análisis y limpieza de datos de ventas por SKU (25 pts)
B18: Hoja 3: | C18: Forecast — Proyección de demanda usando métodos estadísticos (35 pts)
B19: Hoja 4: | C19: Análisis — Preguntas teóricas y análisis de resultados (20 pts)
B21: PUNTAJE
B23: Total: | C23: 80 puntos (+ hasta 10 bonus por calidad de análisis)
B24: Aprobado: | C24: ≥ 60 puntos (75%)
B25: Distinción: | C25: ≥ 68 puntos (85%)
B27: CRITERIOS DE EVALUACIÓN
B29: ✓ | C29: Uso correcto de fórmulas Excel (no valores pegados)
B30: ✓ | C30: Precisión de los cálculos
B31: ✓ | C31: Lógica de planificación aplicada
B32: ✓ | C32: Organización y presentación

Sheet Histórico Ventas
B2: HISTÓRICO DE VENTAS — ANÁLISIS Y LIMPIEZA DE DATOS (25 pts)
B3: ↓ Completa las celdas en AMARILLO. Usa fórmulas, no valores manuales.
Y4: PARTE A — ANÁLISIS ESTADÍSTICO (completa las celdas amarillas)
B5: SKU | C5: Producto | D5: Categoría | E5: Precio Unit. (COP) | F5: Ene-24 | G5: Feb-24 | H5: Mar-24 | I5: Abr-24 | J5: May-24 | K5: Jun-24 | L5: Jul-24 | M5: Ago-24 | N5: Sep-24 | O5: Oct-24 | P5: Nov-24 | Q5: Dic-24 | R5: Ene-25 | S5: Feb-25 | T5: Mar-25 | U5: Abr-25 | V5: May-25 | W5: Jun-25 | Y5: Total Ventas 18 meses | Z5: Promedio Mensual | AA5: Máximo Mes | AB5: Mínimo Mes* | AC5: Meses con Datos Válidos | AD5: % Crecim. Ene24→Jun25 | AE5: Ventas Sin Outliers
B6: FIL-001 | C6: Filtro de Aceite Premium | D6: Filtros | E6: 28500 | F6: 320 | G6: 290 | H6: 410 | I6: 380 | J6: 350 | K6: 3100 | L6: 290 | M6: 330 | N6: 390 | O6: 420 | P6: 450 | Q6: 480 | R6: 340 | S6: 300 | T6: 430 | U6: 400 | V6: 370 | W6: 325 | Y6: =SUMIF(F6:W6,">0") -> 9375 | AA6: =MAX(F6:W6) -> 3100 | AC6: =COUNTA(F6:W6)-COUNTIF(F6:W6,"<0") -> 18
B7: FRE-042 | C7: Pastillas de Freno Delanteras | D7: Frenos | E7: 85000 | F7: 180 | G7: 160 | H7: 220 | I7: 200 | J7: 190 | K7: 170 | L7: 155 | M7: 185 | N7: 210 | O7: 240 | P7: 260 | Q7: 290 | R7: 190 | S7: 165 | T7: 2300 | U7: 215 | V7: 200 | W7: 180 | Y7: =SUMIF(F7:W7,">0") -> 5710 | AA7: =MAX(F7:W7) -> 2300 | AC7: =COUNTA(F7:W7)-COUNTIF(F7:W7,"<0") -> 18
B8: BAT-007 | C8: Batería 60Ah | D8: Eléctrico | E8: 195000 | F8: 95 | G8: 85 | H8: 70 | I8: 65 | J8: 60 | K8: 55 | L8: 50 | M8: 60 | N8: 75 | O8: 100 | P8: 130 | R8: 100 | S8: 88 | T8: 72 | U8: 68 | V8: 63 | W8: 57 | Y8: =SUMIF(F8:W8,">0") -> 1293 | AA8: =MAX(F8:W8) -> 130 | AC8: =COUNTA(F8:W8)-COUNTIF(F8:W8,"<0") -> 17
B9: ACE-015 | C9: Aceite Motor 10W40 x4L | D9: Lubricantes | E9: 42000 | F9: 520 | G9: 480 | H9: 610 | I9: 590 | J9: 550 | K9: 510 | L9: 490 | M9: 530 | N9: -580 | O9: 640 | P9: 700 | Q9: 760 | R9: 545 | S9: 500 | T9: 630 | U9: 610 | V9: 570 | W9: 525 | Y9: =SUMIF(F9:W9,">0") -> 9760 | AA9: =MAX(F9:W9) -> 760 | AC9: =COUNTA(F9:W9)-COUNTIF(F9:W9,"<0") -> 17
B10: COR-028 | C10: Correa de Distribución | D10: Motor | E10: 67000 | F10: 75 | G10: 68 | H10: 90 | I10: 85 | J10: 78 | K10: 70 | L10: 65 | M10: 72 | N10: 88 | O10: 95 | P10: 105 | Q10: 115 | R10: 78 | S10: 70 | T10: 93 | U10: 88 | V10: 81 | W10: 73 | Y10: =SUMIF(F10:W10,">0") -> 1489 | AA10: =MAX(F10:W10) -> 115 | AC10: =COUNTA(F10:W10)-COUNTIF(F10:W10,"<0") -> 18
B11: AMO-063 | C11: Amortiguador Delantero | D11: Suspensión | E11: 128000 | F11: 110 | G11: 98 | H11: 130 | I11: 125 | J11: 115 | K11: 105 | L11: 95 | M11: 108 | N11: 128 | O11: 140 | P11: 155 | Q11: 170 | R11: 115 | S11: 100 | T11: 135 | U11: 130 | V11: 120 | W11: 109 | Y11: =SUMIF(F11:W11,">0") -> 2188 | AA11: =MAX(F11:W11) -> 170 | AC11: =COUNTA(F11:W11)-COUNTIF(F11:W11,"<0") -> 18
B13: * PARTE B — CALIDAD DE DATOS (5 pts): Identifica los 4 errores en los datos históricos (celdas en rojo). En la celda B14 describe cada error y cómo lo corregirías.
B14: Escribe aquí tu análisis de calidad de datos:

Sheet Forecast Demanda
B2: FORECAST DE DEMANDA — PROYECCIÓN H2 2025 (35 pts)
B3: ↓ Usa las ventas históricas para proyectar Jul-25 a Dic-25. Completa las celdas en AMARILLO.
B5: MÉTODO 1 — PROMEDIO MÓVIL SIMPLE (últimos 3 meses) [10 pts]
B6: SKU | C6: Producto | D6: Precio Unit. | E6: Ene-25 | F6: Feb-25 | G6: Mar-25 | H6: Abr-25 | I6: May-25 | J6: Jun-25 | K6: Jul-25 | L6: Ago-25 | M6: Sep-25 | N6: Oct-25 | O6: Nov-25 | P6: Dic-25
B7: FIL-001 | C7: Filtro de Aceite Premium | D7: 28500 | E7: ='Histórico Ventas'!R6 -> 340 | F7: ='Histórico Ventas'!S6 -> 300 | G7: ='Histórico Ventas'!T6 -> 430 | H7: ='Histórico Ventas'!U6 -> 400 | I7: ='Histórico Ventas'!V6 -> 370 | J7: ='Histórico Ventas'!W6 -> 325
B8: FRE-042 | C8: Pastillas de Freno Delanteras | D8: 85000 | E8: ='Histórico Ventas'!R7 -> 190 | F8: ='Histórico Ventas'!S7 -> 165 | G8: ='Histórico Ventas'!T7 -> 2300 | H8: ='Histórico Ventas'!U7 -> 215 | I8: ='Histórico Ventas'!V7 -> 200 | J8: ='Histórico Ventas'!W7 -> 180
B9: BAT-007 | C9: Batería 60Ah | D9: 195000 | E9: ='Histórico Ventas'!R8 -> 100 | F9: ='Histórico Ventas'!S8 -> 88 | G9: ='Histórico Ventas'!T8 -> 72 | H9: ='Histórico Ventas'!U8 -> 68 | I9: ='Histórico Ventas'!V8 -> 63 | J9: ='Histórico Ventas'!W8 -> 57
B10: ACE-015 | C10: Aceite Motor 10W40 x4L | D10: 42000 | E10: ='Histórico Ventas'!R9 -> 545 | F10: ='Histórico Ventas'!S9 -> 500 | G10: ='Histórico Ventas'!T9 -> 630 | H10: ='Histórico Ventas'!U9 -> 610 | I10: ='Histórico Ventas'!V9 -> 570 | J10: ='Histórico Ventas'!W9 -> 525
B11: COR-028 | C11: Correa de Distribución | D11: 67000 | E11: ='Histórico Ventas'!R10 -> 78 | F11: ='Histórico Ventas'!S10 -> 70 | G11: ='Histórico Ventas'!T10 -> 93 | H11: ='Histórico Ventas'!U10 -> 88 | I11: ='Histórico Ventas'!V10 -> 81 | J11: ='Histórico Ventas'!W10 -> 73
B12: AMO-063 | C12: Amortiguador Delantero | D12: 128000 | E12: ='Histórico Ventas'!R11 -> 115 | F12: ='Histórico Ventas'!S11 -> 100 | G12: ='Histórico Ventas'!T11 -> 135 | H12: ='Histórico Ventas'!U11 -> 130 | I12: ='Histórico Ventas'!V11 -> 120 | J12: ='Histórico Ventas'!W11 -> 109
B14: Instrucción: Calcula el Promedio Móvil Simple de los últimos 3 meses disponibles para proyectar cada mes. Jul-25 = PROMEDIO(Abr-25, May-25, Jun-25). Para meses siguientes usa los proyectados anteriores.
B16: MÉTODO 2 — SUAVIZACIÓN EXPONENCIAL SIMPLE (α = 0.3) [10 pts]
B17: Alpha (α): | C17: 0.3 | D17: ← Puedes ajustar este valor para optimizar el forecast
B18: SKU | C18: Producto | D18: Precio Unit. | E18: Ene-25 | F18: Feb-25 | G18: Mar-25 | H18: Abr-25 | I18: May-25 | J18: Jun-25 | K18: Jul-25 | L18: Ago-25 | M18: Sep-25 | N18: Oct-25 | O18: Nov-25 | P18: Dic-25
B19: FIL-001 | C19: Filtro de Aceite Premium | D19: 28500 | E19: ='Histórico Ventas'!R6 -> 340 | F19: ='Histórico Ventas'!S6 -> 300 | G19: ='Histórico Ventas'!T6 -> 430 | H19: ='Histórico Ventas'!U6 -> 400 | I19: ='Histórico Ventas'!V6 -> 370 | J19: ='Histórico Ventas'!W6 -> 325
B20: FRE-042 | C20: Pastillas de Freno Delanteras | D20: 85000 | E20: ='Histórico Ventas'!R7 -> 190 | F20: ='Histórico Ventas'!S7 -> 165 | G20: ='Histórico Ventas'!T7 -> 2300 | H20: ='Histórico Ventas'!U7 -> 215 | I20: ='Histórico Ventas'!V7 -> 200 | J20: ='Histórico Ventas'!W7 -> 180
B21: BAT-007 | C21: Batería 60Ah | D21: 195000 | E21: ='Histórico Ventas'!R8 -> 100 | F21: ='Histórico Ventas'!S8 -> 88 | G21: ='Histórico Ventas'!T8 -> 72 | H21: ='Histórico Ventas'!U8 -> 68 | I21: ='Histórico Ventas'!V8 -> 63 | J21: ='Histórico Ventas'!W8 -> 57
B22: ACE-015 | C22: Aceite Motor 10W40 x4L | D22: 42000 | E22: ='Histórico Ventas'!R9 -> 545 | F22: ='Histórico Ventas'!S9 -> 500 | G22: ='Histórico Ventas'!T9 -> 630 | H22: ='Histórico Ventas'!U9 -> 610 | I22: ='Histórico Ventas'!V9 -> 570 | J22: ='Histórico Ventas'!W9 -> 525
B23: COR-028 | C23: Correa de Distribución | D23: 67000 | E23: ='Histórico Ventas'!R10 -> 78 | F23: ='Histórico Ventas'!S10 -> 70 | G23: ='Histórico Ventas'!T10 -> 93 | H23: ='Histórico Ventas'!U10 -> 88 | I23: ='Histórico Ventas'!V10 -> 81 | J23: ='Histórico Ventas'!W10 -> 73
B24: AMO-063 | C24: Amortiguador Delantero | D24: 128000 | E24: ='Histórico Ventas'!R11 -> 115 | F24: ='Histórico Ventas'!S11 -> 100 | G24: ='Histórico Ventas'!T11 -> 135 | H24: ='Histórico Ventas'!U11 -> 130 | I24: ='Histórico Ventas'!V11 -> 120 | J24: ='Histórico Ventas'!W11 -> 109
B25: Fórmula SES: Ft = α × At-1 + (1-α) × Ft-1 donde Ft = Forecast período t, At-1 = Venta real período anterior, Ft-1 = Forecast período anterior. Para el primer período proyectado, usa el último dato real como Ft-1.
B27: MÉTODO 3 — AJUSTE ESTACIONAL (índices de estacionalidad 2024) [15 pts]
B28: Mes | C28: Ene | D28: Feb | E28: Mar | F28: Abr | G28: May | H28: Jun | I28: Jul | J28: Ago | K28: Sep | L28: Oct | M28: Nov | N28: Dic
B29: Índice Est. | C29: 0.88 | D29: 0.8 | E29: 1.06 | F29: 1.01 | G29: 0.94 | H29: 0.86 | I29: 0.81 | J29: 0.88 | K29: 1 | L29: 1.1 | M29: 1.21 | N29: 1.35
B31: Aplica los índices estacionales al PMS calculado en Método 1 para obtener el Forecast Ajustado:
B32: SKU | C32: Producto | D32: PMS Jul-25 | E32: PMS Ago-25 | F32: PMS Sep-25 | G32: PMS Oct-25 | H32: PMS Nov-25 | I32: PMS Dic-25 | J32: Ajust. Jul-25 | K32: Ajust. Ago-25 | L32: Ajust. Sep-25 | M32: Ajust. Oct-25 | N32: Ajust. Nov-25 | O32: Ajust. Dic-25
B33: FIL-001 | C33: Filtro de Aceite Premium | D33: ='Forecast Demanda'!K7 -> 0 | E33: ='Forecast Demanda'!L7 -> 0 | F33: ='Forecast Demanda'!M7 -> 0 | G33: ='Forecast Demanda'!N7 -> 0 | H33: ='Forecast Demanda'!O7 -> 0 | I33: ='Forecast Demanda'!P7 -> 0
B34: FRE-042 | C34: Pastillas de Freno Delanteras | D34: ='Forecast Demanda'!K8 -> 0 | E34: ='Forecast Demanda'!L8 -> 0 | F34: ='Forecast Demanda'!M8 -> 0 | G34: ='Forecast Demanda'!N8 -> 0 | H34: ='Forecast Demanda'!O8 -> 0 | I34: ='Forecast Demanda'!P8 -> 0
B35: BAT-007 | C35: Batería 60Ah | D35: ='Forecast Demanda'!K9 -> 0 | E35: ='Forecast Demanda'!L9 -> 0 | F35: ='Forecast Demanda'!M9 -> 0 | G35: ='Forecast Demanda'!N9 -> 0 | H35: ='Forecast Demanda'!O9 -> 0 | I35: ='Forecast Demanda'!P9 -> 0
B36: ACE-015 | C36: Aceite Motor 10W40 x4L | D36: ='Forecast Demanda'!K10 -> 0 | E36: ='Forecast Demanda'!L10 -> 0 | F36: ='Forecast Demanda'!M10 -> 0 | G36: ='Forecast Demanda'!N10 -> 0 | H36: ='Forecast Demanda'!O10 -> 0 | I36: ='Forecast Demanda'!P10 -> 0
B37: COR-028 | C37: Correa de Distribución | D37: ='Forecast Demanda'!K11 -> 0 | E37: ='Forecast Demanda'!L11 -> 0 | F37: ='Forecast Demanda'!M11 -> 0 | G37: ='Forecast Demanda'!N11 -> 0 | H37: ='Forecast Demanda'!O11 -> 0 | I37: ='Forecast Demanda'!P11 -> 0
B38: AMO-063 | C38: Amortiguador Delantero | D38: ='Forecast Demanda'!K12 -> 0 | E38: ='Forecast Demanda'!L12 -> 0 | F38: ='Forecast Demanda'!M12 -> 0 | G38: ='Forecast Demanda'!N12 -> 0 | H38: ='Forecast Demanda'!O12 -> 0 | I38: ='Forecast Demanda'!P12 -> 0
B40: Instrucción: Forecast Ajustado = PMS × Índice Estacional del mes correspondiente. Ejemplo Jul-25: =PMS_Jul25 × 0.81

Sheet Análisis
B2: ANÁLISIS Y PREGUNTAS TEÓRICAS — PLANIFICADOR DE LA DEMANDA (20 pts)
B4: PARTE A — ANÁLISIS DE RESULTADOS (10 pts)
B6: A1. | C6: Con base en los 3 métodos de forecast calculados, ¿cuál recomendarías para los productos de la categoría 'Eléctrico' (BAT-007)? Justifica tu respuesta considerando la estacionalidad y el comportamiento de la demanda.
B7: Escribe tu respuesta aquí:
B9: A2. | C9: El SKU FRE-042 (Pastillas de Freno) mostró un outlier en Mar-25. ¿Cómo trataría ese dato para el forecast? ¿Qué impacto tiene dejarlo vs. corregirlo?
B10: Escribe tu respuesta aquí:
B12: A3. | C12: Si el área comercial te informa que habrá una promoción especial de ACE-015 en Oct-25 con un incremento esperado del 30% en ventas, ¿cómo ajustas tu forecast? Describe el proceso.
B13: Escribe tu respuesta aquí:
B16: PARTE B — PREGUNTAS TEÓRICAS (10 pts)
B18: B1. | C18: Explica la diferencia entre demanda dependiente e independiente y da un ejemplo de cada una en una empresa automotriz.
B19: Escribe tu respuesta aquí:
B21: B2. | C21: ¿Qué es el MAD (Mean Absolute Deviation) y cómo se usa para evaluar la precisión de un forecast? Escribe la fórmula.
B22: Escribe tu respuesta aquí:
B24: B3. | C24: Describe al menos 3 factores externos que pueden afectar la demanda de repuestos automotrices en Colombia y cómo los incorporarías en tu planificación.
B25: Escribe tu respuesta aquí:
B27: B4. | C27: ¿Qué es el stock de seguridad? ¿Cómo lo calcularías para un producto con alta variabilidad de demanda? Escribe la fórmula.
B28: Escribe tu respuesta aquí:
B30: B5. | C30: Un producto tiene un Lead Time de 15 días y una demanda promedio de 50 unidades/día con desviación estándar de 8 unidades. Calcula el punto de reorden (ROP) con un nivel de servicio del 95% (Z=1.65).
B31: Escribe tu respuesta aquí:
B34: BONUS (hasta 10 pts adicionales)
B35: BONUS: Usando los datos del Histórico, construye en esta misma hoja una tabla dinámica o resumen que muestre las ventas por Categoría por semestre (H1 2024, H2 2024, H1 2025) e identifica cuál categoría tuvo el mayor crecimiento. Puedes usar SUMIFS, tablas dinámicas o cualquier técnica que consideres adecuada.
